,R Squared,R,Accuracy,ROC AUC
0,0.24165512147517654,0.4915842974253516,0.7684789248625534,0.7645019425925179
1,0.2203510055751564,0.4694156000551712,0.7574091047968224,0.758163306279828
2,0.22543760670066482,0.474802702920555,0.7656584173541093,0.7579310831298322
3,0.23411185107691568,0.48385106290770474,0.7659639474488237,0.7663779492037714
4,0.23246769690071367,0.4821490401325234,0.7415215398716773,0.7533618150507684
