,R Squared,R,Accuracy,ROC AUC
0,0.22977560248601203,0.47934914465972717,0.7593792007821093,0.7594351840727103
1,0.2198183776205035,0.46884792589975643,0.7546132225345228,0.7557628979682545
2,0.22513515621524205,0.4744840947969089,0.7570573139435415,0.7578378730160973
3,0.22513515621524205,0.4744840947969089,0.7570573139435415,0.7578378730160973
4,0.23104793728189565,0.4806744608171893,0.7596847122082366,0.7598199891317748
