,R Squared,R,Accuracy
0,0.2273548939387683,0.4768174639615964,0.7581571550776
1,0.22513515621524205,0.4744840947969089,0.7570573139435415
2,0.22513515621524205,0.4744840947969089,0.7570573139435415
3,0.225757326587535,0.47513927072757833,0.7573017230844433
4,0.22977560248601203,0.47934914465972717,0.7593792007821093
